{
  "schema_version": 2,
  "generated_at": "24-Apr-26 17:57:23",
  "sidecar_fingerprint": {
    "truth_sha256": "b1302c20c828165760233653e656c57b78c231b11a062fc72d7e17bf06f45237",
    "param_file_hashes": {
      "simple-a-to-b": "9a92c341dae92a34ac726fd8fd4ba504447ecee4f41deeab5f1bc844b9178867",
      "simple-b-to-c": "cbc5ebdea5470fc6b8b3807f17033ff6a43a75bb830723805443e86d9dde0f95"
    }
  },
  "job_id": "harness-enrich-1777049843",
  "fitted_at": "",
  "fingerprint": "",
  "model_version": 1,
  "quality": {
    "max_rhat": 1.0025,
    "min_ess": 15360.9,
    "converged_pct": 100.0
  },
  "skipped": [],
  "webhook_payload_edges": [
    {
      "param_id": "simple-a-to-b",
      "file_path": "parameters/simple-a-to-b.yaml",
      "slices": {
        "window()": {
          "alpha": 7778.6285,
          "beta": 3276.4607,
          "p_hdi_lower": 0.696702,
          "p_hdi_upper": 0.710859,
          "ess": 16698.0,
          "rhat": 1.0024,
          "divergences": 0,
          "evidence_grade": 3,
          "provenance": "bayesian",
          "alpha_pred": 21.3607,
          "beta_pred": 8.9579,
          "hdi_lower_pred": 0.577241,
          "hdi_upper_pred": 0.835078,
          "n_effective": 500877.0,
          "mu_mean": 2.2999,
          "mu_sd": 0.0103,
          "mu_sd_pred": 0.0804,
          "sigma_mean": 0.5192,
          "sigma_sd": 0.0062,
          "onset_mean": 1.03,
          "onset_sd": 0.07,
          "hdi_t95_lower": 24.1,
          "hdi_t95_upper": 24.8,
          "onset_mu_corr": -0.791,
          "kappa_lat_mean": 557.5,
          "kappa_lat_sd": 47.8,
          "delta_elpd": 584.466,
          "pareto_k_max": 0.191,
          "n_loo_obs": 3662
        }
      },
      "_model_state": {
        "p_base_alpha_f255117c_4d21_5025_a63a_31f1d1cb2c61": 7778.6285,
        "p_base_beta_f255117c_4d21_5025_a63a_31f1d1cb2c61": 3276.4607,
        "kappa_f255117c_4d21_5025_a63a_31f1d1cb2c61": 80.89,
        "p_base_alpha_4605c03d_e73e_5c01_8052_4960f3860f2e": 6925.4963,
        "p_base_beta_4605c03d_e73e_5c01_8052_4960f3860f2e": 4585.0036,
        "kappa_4605c03d_e73e_5c01_8052_4960f3860f2e": 81.31
      },
      "prior_tier": "kn_derived",
      "evidence_grade": 3,
      "divergences": 0
    },
    {
      "param_id": "simple-b-to-c",
      "file_path": "parameters/simple-b-to-c.yaml",
      "slices": {
        "window()": {
          "alpha": 6925.4963,
          "beta": 4585.0036,
          "p_hdi_lower": 0.594139,
          "p_hdi_upper": 0.60901,
          "ess": 16026.2,
          "rhat": 1.0013,
          "divergences": 0,
          "evidence_grade": 3,
          "provenance": "bayesian",
          "alpha_pred": 18.5369,
          "beta_pred": 12.3608,
          "hdi_lower_pred": 0.466748,
          "hdi_upper_pred": 0.743221,
          "n_effective": 349072.0,
          "mu_mean": 2.5162,
          "mu_sd": 0.0138,
          "mu_sd_pred": 0.0848,
          "sigma_mean": 0.6116,
          "sigma_sd": 0.01,
          "onset_mean": 1.97,
          "onset_sd": 0.12,
          "hdi_t95_lower": 35.0,
          "hdi_t95_upper": 36.7,
          "onset_mu_corr": -0.828,
          "kappa_lat_mean": 996.9,
          "kappa_lat_sd": 100.0,
          "delta_elpd": 232.998,
          "pareto_k_max": 2.706,
          "n_loo_obs": 4285
        }
      },
      "_model_state": {
        "p_base_alpha_f255117c_4d21_5025_a63a_31f1d1cb2c61": 7778.6285,
        "p_base_beta_f255117c_4d21_5025_a63a_31f1d1cb2c61": 3276.4607,
        "kappa_f255117c_4d21_5025_a63a_31f1d1cb2c61": 80.89,
        "p_base_alpha_4605c03d_e73e_5c01_8052_4960f3860f2e": 6925.4963,
        "p_base_beta_4605c03d_e73e_5c01_8052_4960f3860f2e": 4585.0036,
        "kappa_4605c03d_e73e_5c01_8052_4960f3860f2e": 81.31
      },
      "prior_tier": "kn_derived",
      "evidence_grade": 3,
      "divergences": 0
    }
  ]
}
