{
  "schema_version": 1,
  "generated_at": "22-Apr-26 11:54:04",
  "fingerprint": {
    "truth_sha256": "b1302c20c828165760233653e656c57b78c231b11a062fc72d7e17bf06f45237",
    "param_file_hashes": {
      "simple-a-to-b": "ff8fa7a9f2064328b58debfb4037913dc1862832778c4fd3487459cd29474ca3",
      "simple-b-to-c": "201b6088bc81b29ed2cceef52064b929437520c66e165bc007692c6a96de4a3c"
    }
  },
  "edges": {
    "f255117c-4d21-5025-a63a-31f1d1cb2c61": {
      "source": "bayesian",
      "source_at": "",
      "probability": {
        "mean": 0.7036424248845773,
        "stdev": 0.08000060047989879
      },
      "latency": {
        "mu": 2.2998,
        "sigma": 0.5192,
        "t95": 24.456878101468366,
        "onset_delta_days": 1.03,
        "mu_sd": 0.01,
        "mu_sd_pred": 0.0796,
        "sigma_sd": 0.0061,
        "onset_sd": 0.07,
        "onset_mu_corr": -0.794
      },
      "param_id": "simple-a-to-b"
    },
    "4605c03d-e73e-5c01-8052-4960f3860f2e": {
      "source": "bayesian",
      "source_at": "",
      "probability": {
        "mean": 0.6017307942414399,
        "stdev": 0.0861540717245372
      },
      "latency": {
        "mu": 2.5163,
        "sigma": 0.6114,
        "t95": 35.82385914169024,
        "onset_delta_days": 1.97,
        "mu_sd": 0.0133,
        "mu_sd_pred": 0.0836,
        "sigma_sd": 0.0101,
        "onset_sd": 0.12,
        "onset_mu_corr": -0.823
      },
      "param_id": "simple-b-to-c"
    }
  }
}
