{
  "schema_version": 2,
  "generated_at": "26-Apr-26 21:25:47",
  "sidecar_fingerprint": {
    "truth_sha256": "4a3ff951035a3e795763d03dd38fa5a4ebbd7d55ebf55d3304c45b1110956623",
    "param_file_hashes": {
      "m4-landing-to-created": "055822a0a687fe310aa5241d81e75e764af0df4178fbcc16cec64a28a6e102c2",
      "m4-created-to-delegated": "b212f43b9536cc709ffbd5c7710cd96eef0728c0647e89eac524e551ea1e37fc",
      "m4-delegated-to-registered": "42fc6ee0b43b8de846607546f9d692a3437d9c0c2269b1ea399e99a584bf7ab8",
      "m4-registered-to-success": "7a03303df3fe6a143101f73fd6e939c8d73f071fae6d25ab4225c26cf7b3b2c5"
    }
  },
  "job_id": "harness-enrich-1777235147",
  "fitted_at": "",
  "fingerprint": "",
  "model_version": 1,
  "quality": {
    "max_rhat": 1.0014,
    "min_ess": 9176.1,
    "converged_pct": 100.0
  },
  "skipped": [],
  "webhook_payload_edges": [
    {
      "param_id": "m4-landing-to-created",
      "file_path": "parameters/m4-landing-to-created.yaml",
      "slices": {
        "window()": {
          "alpha": 190.8507,
          "beta": 911.8193,
          "p_hdi_lower": 0.154831,
          "p_hdi_upper": 0.19184,
          "ess": 14213.7,
          "rhat": 1.0,
          "divergences": 0,
          "evidence_grade": 3,
          "provenance": "bayesian",
          "alpha_pred": 4.0763,
          "beta_pred": 19.4407,
          "hdi_lower_pred": 0.050358,
          "hdi_upper_pred": 0.289289,
          "n_effective": 76728.0
        }
      },
      "_model_state": {
        "p_base_alpha_fb36cd0f_8d39_5930_871d_e26b05a0cbd9": 190.8507,
        "p_base_beta_fb36cd0f_8d39_5930_871d_e26b05a0cbd9": 911.8193,
        "kappa_fb36cd0f_8d39_5930_871d_e26b05a0cbd9": 26.14,
        "p_base_alpha_3546b15f_5824_5550_800a_0cba24277761": 618.8989,
        "p_base_beta_3546b15f_5824_5550_800a_0cba24277761": 494.3103,
        "kappa_3546b15f_5824_5550_800a_0cba24277761": 31.56,
        "p_base_alpha_9456f3a9_8992_558d_a315_f53f4bdd2ac1": 159.6629,
        "p_base_beta_9456f3a9_8992_558d_a315_f53f4bdd2ac1": 1169.5627,
        "kappa_9456f3a9_8992_558d_a315_f53f4bdd2ac1": 34.17,
        "p_base_alpha_110235e8_2e64_5f0c_9c4d_aac4310981dd": 497.4526,
        "p_base_beta_110235e8_2e64_5f0c_9c4d_aac4310981dd": 203.7613,
        "kappa_110235e8_2e64_5f0c_9c4d_aac4310981dd": 30.39
      },
      "prior_tier": "kn_derived",
      "evidence_grade": 3,
      "divergences": 0
    },
    {
      "param_id": "m4-created-to-delegated",
      "file_path": "parameters/m4-created-to-delegated.yaml",
      "slices": {
        "window()": {
          "alpha": 618.8989,
          "beta": 494.3103,
          "p_hdi_lower": 0.532203,
          "p_hdi_upper": 0.580622,
          "ess": 15053.2,
          "rhat": 1.0001,
          "divergences": 0,
          "evidence_grade": 3,
          "provenance": "bayesian",
          "alpha_pred": 15.617,
          "beta_pred": 12.534,
          "hdi_lower_pred": 0.401427,
          "hdi_upper_pred": 0.702955,
          "n_effective": 13018.0
        }
      },
      "_model_state": {
        "p_base_alpha_fb36cd0f_8d39_5930_871d_e26b05a0cbd9": 190.8507,
        "p_base_beta_fb36cd0f_8d39_5930_871d_e26b05a0cbd9": 911.8193,
        "kappa_fb36cd0f_8d39_5930_871d_e26b05a0cbd9": 26.14,
        "p_base_alpha_3546b15f_5824_5550_800a_0cba24277761": 618.8989,
        "p_base_beta_3546b15f_5824_5550_800a_0cba24277761": 494.3103,
        "kappa_3546b15f_5824_5550_800a_0cba24277761": 31.56,
        "p_base_alpha_9456f3a9_8992_558d_a315_f53f4bdd2ac1": 159.6629,
        "p_base_beta_9456f3a9_8992_558d_a315_f53f4bdd2ac1": 1169.5627,
        "kappa_9456f3a9_8992_558d_a315_f53f4bdd2ac1": 34.17,
        "p_base_alpha_110235e8_2e64_5f0c_9c4d_aac4310981dd": 497.4526,
        "p_base_beta_110235e8_2e64_5f0c_9c4d_aac4310981dd": 203.7613,
        "kappa_110235e8_2e64_5f0c_9c4d_aac4310981dd": 30.39
      },
      "prior_tier": "kn_derived",
      "evidence_grade": 3,
      "divergences": 0
    },
    {
      "param_id": "m4-delegated-to-registered",
      "file_path": "parameters/m4-delegated-to-registered.yaml",
      "slices": {
        "window()": {
          "alpha": 159.6629,
          "beta": 1169.5627,
          "p_hdi_lower": 0.105911,
          "p_hdi_upper": 0.134924,
          "ess": 10384.4,
          "rhat": 1.0012,
          "divergences": 0,
          "evidence_grade": 3,
          "provenance": "bayesian",
          "alpha_pred": 2.844,
          "beta_pred": 20.8112,
          "hdi_lower_pred": 0.015867,
          "hdi_upper_pred": 0.210068,
          "n_effective": 7125.0,
          "mu_mean": 1.4646,
          "mu_sd": 0.1049,
          "mu_sd_pred": 0.4239,
          "sigma_mean": 0.7391,
          "sigma_sd": 0.0723,
          "onset_mean": 6.07,
          "onset_sd": 0.25,
          "hdi_t95_lower": 17.9,
          "hdi_t95_upper": 23.5,
          "onset_mu_corr": -0.721,
          "kappa_lat_mean": 478.5,
          "kappa_lat_sd": 398.9,
          "delta_elpd": 12.177,
          "pareto_k_max": 0.317,
          "n_loo_obs": 385
        }
      },
      "_model_state": {
        "p_base_alpha_fb36cd0f_8d39_5930_871d_e26b05a0cbd9": 190.8507,
        "p_base_beta_fb36cd0f_8d39_5930_871d_e26b05a0cbd9": 911.8193,
        "kappa_fb36cd0f_8d39_5930_871d_e26b05a0cbd9": 26.14,
        "p_base_alpha_3546b15f_5824_5550_800a_0cba24277761": 618.8989,
        "p_base_beta_3546b15f_5824_5550_800a_0cba24277761": 494.3103,
        "kappa_3546b15f_5824_5550_800a_0cba24277761": 31.56,
        "p_base_alpha_9456f3a9_8992_558d_a315_f53f4bdd2ac1": 159.6629,
        "p_base_beta_9456f3a9_8992_558d_a315_f53f4bdd2ac1": 1169.5627,
        "kappa_9456f3a9_8992_558d_a315_f53f4bdd2ac1": 34.17,
        "p_base_alpha_110235e8_2e64_5f0c_9c4d_aac4310981dd": 497.4526,
        "p_base_beta_110235e8_2e64_5f0c_9c4d_aac4310981dd": 203.7613,
        "kappa_110235e8_2e64_5f0c_9c4d_aac4310981dd": 30.39
      },
      "prior_tier": "kn_derived",
      "evidence_grade": 3,
      "divergences": 0
    },
    {
      "param_id": "m4-registered-to-success",
      "file_path": "parameters/m4-registered-to-success.yaml",
      "slices": {
        "window()": {
          "alpha": 497.4526,
          "beta": 203.7613,
          "p_hdi_lower": 0.680209,
          "p_hdi_upper": 0.737119,
          "ess": 14806.9,
          "rhat": 1.0014,
          "divergences": 0,
          "evidence_grade": 3,
          "provenance": "bayesian",
          "alpha_pred": 12.3401,
          "beta_pred": 5.0981,
          "hdi_lower_pred": 0.540468,
          "hdi_upper_pred": 0.882845,
          "n_effective": 786.0,
          "mu_mean": 1.3284,
          "mu_sd": 0.1117,
          "mu_sd_pred": 0.2371,
          "sigma_mean": 0.1937,
          "sigma_sd": 0.0276,
          "onset_mean": 3.11,
          "onset_sd": 0.4,
          "hdi_t95_lower": 8.0,
          "hdi_t95_upper": 8.6,
          "onset_mu_corr": -0.974,
          "kappa_lat_mean": 130.4,
          "kappa_lat_sd": 320.8,
          "delta_elpd": 47.219,
          "pareto_k_max": 1.253,
          "n_loo_obs": 211
        },
        "cohort()": {
          "alpha": 478.4717,
          "beta": 195.9797,
          "p_hdi_lower": 0.68173,
          "p_hdi_upper": 0.738349,
          "ess": 15352.5,
          "rhat": 1.0009,
          "divergences": 0,
          "evidence_grade": 3,
          "provenance": "bayesian",
          "mu_mean": 2.398,
          "mu_sd": 0.1467,
          "sigma_mean": 0.4928,
          "sigma_sd": 0.0348,
          "hdi_t95_lower": 30.6,
          "hdi_t95_upper": 42.2,
          "n_effective": 1003.0,
          "onset_mean": 11.18,
          "onset_sd": 2.35,
          "kappa_lat_mean": 130.4,
          "kappa_lat_sd": 320.8,
          "delta_elpd": 47.219,
          "pareto_k_max": 1.253,
          "n_loo_obs": 211
        }
      },
      "_model_state": {
        "p_base_alpha_fb36cd0f_8d39_5930_871d_e26b05a0cbd9": 190.8507,
        "p_base_beta_fb36cd0f_8d39_5930_871d_e26b05a0cbd9": 911.8193,