{
  "schema_version": 2,
  "generated_at": "23-Apr-26 12:31:31",
  "sidecar_fingerprint": {
    "truth_sha256": "4a3ff951035a3e795763d03dd38fa5a4ebbd7d55ebf55d3304c45b1110956623",
    "param_file_hashes": {
      "m4-landing-to-created": "cfc98ab90fae67691e2702e9f1863d992accfe51abada4e3b2d497b3a2451e66",
      "m4-created-to-delegated": "89251adda61c77cf8822970e9d0738c97f5d247b8bf07c1efe0c820b2d6bda5a",
      "m4-delegated-to-registered": "aabda1b95b09bbb5ce54dd34d237bb8211e71759a320d22ceca5f24b3ba034b9",
      "m4-registered-to-success": "17351bbb9a58980afd7baf6d63d3df213199ff76d7054aec991cbceace555b87"
    }
  },
  "job_id": "harness-enrich-1776943891",
  "fitted_at": "",
  "fingerprint": "",
  "model_version": 1,
  "quality": {
    "max_rhat": 1.0022,
    "min_ess": 9641.3,
    "converged_pct": 100.0
  },
  "skipped": [],
  "webhook_payload_edges": [
    {
      "param_id": "m4-landing-to-created",
      "file_path": "parameters/m4-landing-to-created.yaml",
      "slices": {
        "window()": {
          "alpha": 197.5737,
          "beta": 944.5453,
          "p_hdi_lower": 0.154434,
          "p_hdi_upper": 0.191282,
          "ess": 14041.8,
          "rhat": 1.0004,
          "divergences": 0,
          "evidence_grade": 3,
          "provenance": "bayesian",
          "alpha_pred": 4.0685,
          "beta_pred": 19.4012,
          "hdi_lower_pred": 0.054146,
          "hdi_upper_pred": 0.294856
        }
      },
      "_model_state": {
        "p_base_alpha_fb36cd0f_8d39_5930_871d_e26b05a0cbd9": 197.5737,
        "p_base_beta_fb36cd0f_8d39_5930_871d_e26b05a0cbd9": 944.5453,
        "kappa_fb36cd0f_8d39_5930_871d_e26b05a0cbd9": 26.11,
        "p_base_alpha_3546b15f_5824_5550_800a_0cba24277761": 645.1003,
        "p_base_beta_3546b15f_5824_5550_800a_0cba24277761": 515.9322,
        "kappa_3546b15f_5824_5550_800a_0cba24277761": 31.67,
        "p_base_alpha_9456f3a9_8992_558d_a315_f53f4bdd2ac1": 177.2625,
        "p_base_beta_9456f3a9_8992_558d_a315_f53f4bdd2ac1": 1292.5368,
        "kappa_9456f3a9_8992_558d_a315_f53f4bdd2ac1": 34.15,
        "p_base_alpha_110235e8_2e64_5f0c_9c4d_aac4310981dd": 484.195,
        "p_base_beta_110235e8_2e64_5f0c_9c4d_aac4310981dd": 197.6424,
        "kappa_110235e8_2e64_5f0c_9c4d_aac4310981dd": 29.7
      },
      "prior_tier": "kn_derived",
      "evidence_grade": 3,
      "divergences": 0
    },
    {
      "param_id": "m4-created-to-delegated",
      "file_path": "parameters/m4-created-to-delegated.yaml",
      "slices": {
        "window()": {
          "alpha": 645.1003,
          "beta": 515.9322,
          "p_hdi_lower": 0.531409,
          "p_hdi_upper": 0.579013,
          "ess": 14718.6,
          "rhat": 1.0014,
          "divergences": 0,
          "evidence_grade": 3,
          "provenance": "bayesian",
          "alpha_pred": 15.9271,
          "beta_pred": 12.7585,
          "hdi_lower_pred": 0.410001,
          "hdi_upper_pred": 0.707448
        }
      },
      "_model_state": {
        "p_base_alpha_fb36cd0f_8d39_5930_871d_e26b05a0cbd9": 197.5737,
        "p_base_beta_fb36cd0f_8d39_5930_871d_e26b05a0cbd9": 944.5453,
        "kappa_fb36cd0f_8d39_5930_871d_e26b05a0cbd9": 26.11,
        "p_base_alpha_3546b15f_5824_5550_800a_0cba24277761": 645.1003,
        "p_base_beta_3546b15f_5824_5550_800a_0cba24277761": 515.9322,
        "kappa_3546b15f_5824_5550_800a_0cba24277761": 31.67,
        "p_base_alpha_9456f3a9_8992_558d_a315_f53f4bdd2ac1": 177.2625,
        "p_base_beta_9456f3a9_8992_558d_a315_f53f4bdd2ac1": 1292.5368,
        "kappa_9456f3a9_8992_558d_a315_f53f4bdd2ac1": 34.15,
        "p_base_alpha_110235e8_2e64_5f0c_9c4d_aac4310981dd": 484.195,
        "p_base_beta_110235e8_2e64_5f0c_9c4d_aac4310981dd": 197.6424,
        "kappa_110235e8_2e64_5f0c_9c4d_aac4310981dd": 29.7
      },
      "prior_tier": "kn_derived",
      "evidence_grade": 3,
      "divergences": 0
    },
    {
      "param_id": "m4-delegated-to-registered",
      "file_path": "parameters/m4-delegated-to-registered.yaml",
      "slices": {
        "window()": {
          "alpha": 177.2625,
          "beta": 1292.5368,
          "p_hdi_lower": 0.105931,
          "p_hdi_upper": 0.133773,
          "ess": 10486.8,
          "rhat": 1.0021,
          "divergences": 0,
          "evidence_grade": 3,
          "provenance": "bayesian",
          "alpha_pred": 3.0471,
          "beta_pred": 22.3894,
          "hdi_lower_pred": 0.019377,
          "hdi_upper_pred": 0.210187,
          "mu_mean": 1.4675,
          "mu_sd": 0.1014,
          "mu_sd_pred": 0.4145,
          "sigma_mean": 0.7412,
          "sigma_sd": 0.0692,
          "onset_mean": 6.07,
          "onset_sd": 0.25,
          "hdi_t95_lower": 18.1,
          "hdi_t95_upper": 23.5,
          "onset_mu_corr": -0.721,
          "kappa_lat_mean": 472.3,
          "kappa_lat_sd": 360.6,
          "delta_elpd": 11.105,
          "pareto_k_max": 0.277,
          "n_loo_obs": 385
        }
      },
      "_model_state": {
        "p_base_alpha_fb36cd0f_8d39_5930_871d_e26b05a0cbd9": 197.5737,
        "p_base_beta_fb36cd0f_8d39_5930_871d_e26b05a0cbd9": 944.5453,
        "kappa_fb36cd0f_8d39_5930_871d_e26b05a0cbd9": 26.11,
        "p_base_alpha_3546b15f_5824_5550_800a_0cba24277761": 645.1003,
        "p_base_beta_3546b15f_5824_5550_800a_0cba24277761": 515.9322,
        "kappa_3546b15f_5824_5550_800a_0cba24277761": 31.67,
        "p_base_alpha_9456f3a9_8992_558d_a315_f53f4bdd2ac1": 177.2625,
        "p_base_beta_9456f3a9_8992_558d_a315_f53f4bdd2ac1": 1292.5368,
        "kappa_9456f3a9_8992_558d_a315_f53f4bdd2ac1": 34.15,
        "p_base_alpha_110235e8_2e64_5f0c_9c4d_aac4310981dd": 484.195,
        "p_base_beta_110235e8_2e64_5f0c_9c4d_aac4310981dd": 197.6424,
        "kappa_110235e8_2e64_5f0c_9c4d_aac4310981dd": 29.7
      },
      "prior_tier": "kn_derived",
      "evidence_grade": 3,
      "divergences": 0
    },
    {
      "param_id": "m4-registered-to-success",
      "file_path": "parameters/m4-registered-to-success.yaml",
      "slices": {
        "window()": {
          "alpha": 484.195,
          "beta": 197.6424,
          "p_hdi_lower": 0.682099,
          "p_hdi_upper": 0.738538,
          "ess": 13555.6,
          "rhat": 1.0004,
          "divergences": 0,
          "evidence_grade": 3,
          "provenance": "bayesian",
          "alpha_pred": 11.9273,
          "beta_pred": 4.9029,
          "hdi_lower_pred": 0.540347,
          "hdi_upper_pred": 0.883929,
          "mu_mean": 1.3297,
          "mu_sd": 0.1101,
          "mu_sd_pred": 0.2433,
          "sigma_mean": 0.1943,
          "sigma_sd": 0.0269,
          "onset_mean": 3.1,
          "onset_sd": 0.4,
          "hdi_t95_lower": 8.0,
          "hdi_t95_upper": 8.7,
          "onset_mu_corr": -0.976,
          "kappa_lat_mean": 125.9,
          "kappa_lat_sd": 260.0,
          "delta_elpd": 50.262,
          "pareto_k_max": 1.203,
          "n_loo_obs": 211
        },
        "cohort()": {
          "alpha": 513.2489,
          "beta": 209.5238,
          "p_hdi_lower": 0.6819,
          "p_hdi_upper": 0.737126,
          "ess": 14221.8,
          "rhat": 1.0004,
          "divergences": 0,
          "evidence_grade": 3,
          "provenance": "bayesian",
          "mu_mean": 2.3977,
          "mu_sd": 0.1453,
          "sigma_mean": 0.4943,
          "sigma_sd": 0.0348,
          "hdi_t95_lower": 30.4,
          "hdi_t95_upper": 42.1,
          "onset_mean": 11.15,
          "onset_sd": 2.37,
          "kappa_lat_mean": 125.9,
          "kappa_lat_sd": 260.0,
          "delta_elpd": 50.262,
          "pareto_k_max": 1.203,
          "n_loo_obs": 211
        }
      },
      "_model_state": {
        "p_base_alpha_fb36cd0f_8d39_5930_871d_e26b05a0cbd9": 197.5737,
        "p_base_beta_fb36cd0f_8d39_5930_871d_e26b05a0cbd9": 944.5453,
        "kappa_fb36cd0f_8d39_5930_871d_e26b05a0cbd9": 26.11,
        "p_base_alpha_3546b15f_5824_5550_800a_0cba24277761": 645.1003,